{"cameraMode":{"drawMode":0,"name":"Shaded","section":"Shading Mode"},"sceneLighting":true,"audioPlay":false,"sceneViewState":{"m_AlwaysRefresh":false,"showFog":true,"showSkybox":true,"showFlares":true,"showImageEffects":true,"showParticleSystems":true,"showVisualEffectGraphs":true,"m_FxEnabled":true},"in2DMode":false,"pivot":{"x":-0.7502518892288208,"y":0.5962522029876709,"z":0.26929473876953127},"rotation":{"x":0.11063765734434128,"y":-0.08752814680337906,"z":0.00996189285069704,"w":0.9900131821632385},"size":0.988278865814209,"orthographic":false}