{"cameraMode":{"drawMode":0,"name":"Shaded","section":"Shading Mode"},"sceneLighting":true,"audioPlay":false,"sceneViewState":{"m_AlwaysRefresh":false,"showFog":true,"showSkybox":true,"showFlares":true,"showImageEffects":true,"showParticleSystems":true,"showVisualEffectGraphs":true,"m_FxEnabled":true},"in2DMode":false,"pivot":{"x":-4.988066673278809,"y":0.5305256843566895,"z":5.013209342956543},"rotation":{"x":0.17744240164756776,"y":-0.33425191044807436,"z":0.06290886551141739,"w":0.9239941835403442},"size":5.912636756896973,"orthographic":false}