{"cameraMode":{"drawMode":0,"name":"Shaded","section":"Shading Mode"},"sceneLighting":true,"audioPlay":false,"sceneViewState":{"m_AlwaysRefresh":false,"showFog":true,"showSkybox":true,"showFlares":true,"showImageEffects":true,"showParticleSystems":true,"showVisualEffectGraphs":true,"m_FxEnabled":true},"in2DMode":false,"pivot":{"x":0.22986283898353578,"y":2.8171396255493166,"z":2.1495137214660646},"rotation":{"x":0.1182691752910614,"y":0.6137763857841492,"z":-0.08577980846166611,"w":0.7767766118049622},"size":0.8660253882408142,"orthographic":false}