{"cameraMode":{"drawMode":0,"name":"Shaded","section":"Shading Mode"},"sceneLighting":true,"audioPlay":false,"sceneViewState":{"m_AlwaysRefresh":false,"showFog":true,"showSkybox":true,"showFlares":true,"showImageEffects":true,"showParticleSystems":true,"showVisualEffectGraphs":true,"m_FxEnabled":true},"in2DMode":false,"pivot":{"x":4.8193511962890629,"y":-2.658937931060791,"z":-21.931175231933595},"rotation":{"x":0.047259025275707248,"y":0.9205289483070374,"z":-0.1014014258980751,"w":0.37620681524276736},"size":17.24205207824707,"orthographic":false}