{"cameraMode":{"drawMode":0,"name":"Shaded","section":"Shading Mode"},"sceneLighting":false,"audioPlay":false,"sceneViewState":{"m_AlwaysRefresh":false,"showFog":true,"showSkybox":false,"showFlares":true,"showImageEffects":true,"showParticleSystems":true,"showVisualEffectGraphs":true,"m_FxEnabled":true},"in2DMode":false,"pivot":{"x":-14.115507125854493,"y":1.3230628967285157,"z":0.7229999899864197},"rotation":{"x":0.19371472299098969,"y":0.6925879120826721,"z":-0.2017844170331955,"w":0.6648966670036316},"size":0.2209705114364624,"orthographic":false}